﻿{
  "$schema": "http://schema.management.azure.com/schemas/2015-01-01/deploymentTemplate.json",
  "contentVersion": "1.0.0.0",
  "parameters": {
    "virtualNetworkName": { "type": "string" },
    "virtualNetworkAddressRange": {
      "type": "string",
      "metadata": { "description": "The address range of the new VNET in CIDR format" },
      "defaultValue": "10.0.0.0/16"
    },
    "subnets": { "type": "array" },
    "dnsIP": { "type": "string" }
  },
  "variables": {
    "location": "[resourceGroup().location]"
  },
  "resources": [
    {
      "name": "[parameters('virtualNetworkName')]",
      "type": "Microsoft.Network/virtualNetworks",
      "location": "[variables('location')]",
      "tags": { "displayName": "virtualNetwork" },
      "apiVersion": "2015-06-15",
      "properties": {
        "dhcpOptions": {
          "dnsServers": [ "[parameters('dnsIP')]" ]
        },
        "addressSpace": {
          "addressPrefixes": [
            "[parameters('virtualNetworkAddressRange')]"
          ]
        },
        "subnets": "[parameters('subnets')]"
      }
    }
  ]
}